Source,Link,Text
UP,https://life.pravda.com.ua/society/v-avstraliji-zhinka-vigadala-sinu-rak-shchob-zbirati-pozhertvi-314683,"В Австралії засудили жінку, яка брехала про рак ока у 6-річного сина, щоб збирати пожертви та фінансувати свій розкішний спосіб життя. Щоб змусити людей повірити в діагноз, вона поголила синові голову та давала йому непотрібні ліки, повідомляють BBC та Australian Broadcasting Corporation. 45-річна мешканка Південної Австралії, ім'я якої не розголошують, вдалася до афери у листопаді 2024 році. Тоді її син травмувався і офтальмолог направив дитину на МРТ, щоб відкинути можливість пошкодження зорових нервів. На обстеженні не виявили жодних проблем, але у жінки виникла ""ідея"". Вона розповіла чоловікові, що у їхнього сина рак – нібито МРТ показала три пухлини на зоровому нерві, тож потрібно пройти вісім курсів променевої терапії. Потім жінка розширила коло обдурених людей – повідомила про ""діагноз"" родичам, друзям та у школі. Згодом вона опублікувала кілька постів у соцмережах із проханням про пожертви на лікування сина, додавши його фото з поголеною головою. Жінка перев'язувала дитині голову і руки, змушувала користуватися кріслом колісним та обмежувала активність, щоб люди думали, ніби він проходить променеву терапію. Вона також давала дитині знеболювальні та дієтичні добавки. У грудні 2024 року жінку заарештували. Правоохоронці виявили, що на банківський рахунок її сина здійснили понад 50 платежів. Грошові пожертви, одна з яких – на суму 3500 доларів, також давали засудженій особисто. У суді дії матері назвали ""жорстокими"" та ""маніпулятивними"". Сторона обвинувачення заявила, що жінка ""егоїстично використовувала сина"" для пожертв, щоб сім'я могла мати ""життя багатих і знаменитих"". Суддя зауважила, що хлопчик зазнав фізичної та психологічної шкоди, оскільки приймав непотрібні ліки, мав обмежену активність та був ізольованим від однолітків. Адвокат жінки заявив, що після пандемії COVID-19 вона стала залежною від азартних ігор, тому ""скористалася"" нещасним випадком із сином для полегшення фінансових труднощів. За його словами, обвинувачена жила не по кишені та мала ""хибне переконання"", що її сім'ї потрібні ""найновіші бренди"". Але нібито не мала наміру завдати шкоди дитині та родині. Сторона захисту також зазначила, що у жінки діагностували межовий розлад особистості. Чоловік обвинуваченої заявив, що вона зруйнувала життя його та їхніх дітей. Спершу він також був підозрюваним, та згодом справу проти нього закрили. Жінка визнала свою провину. Її засудили до 4 років і 3 місяців ув'язнення із правом на умовно-дострокове звільнення в квітні 2027 року. Раніше ми розповідали про блогерку Бель Гібсон, яка симулювала рак мозку і продавала нетрадиційні методи ""зцілення"". Також ми писали про американку Клоддін ""Ді-Ді"" Бланшар, яка вигадала інвалідність своєї доньки Джипсі Роуз, і зрештою загинула від рук бойфренда дівчинки. Жінка мала синдром Мюнхгаузена – люди з цим розладом фантазують про різноманітні хвороби, щоб отримати увагу, співчуття та матеріальні вигоди."
UP,https://www.pravda.com.ua/news/2026/04/29/8032337/,"Російські окупанти вдарили безпілотником по автобусу приватного перевізника в Херсоні вранці 29 квітня. Джерело: начальник Херсонської міської військової адміністрації Ярослав Шанько у соцмережах Деталі: Приблизно о 10.30 середи у Дніпровському районі міста російські терористи вкотре здійснили атаку на громадський транспорт. Повідомляється, що цього разу під удар ворожого безпілотника потрапив автобус приватного перевізника. За словами власника, транспорт відновленню не підлягає. Пряма мова Шанька: ""На щастя, ні водій, ні пасажири не травмувались. Тілесні ушкодження дістав херсонець похилого віку, який перебував на вулиці. Потерпілого ушпиталили""."
UP,https://www.pravda.com.ua/news/2026/04/29/8032336/,"Радник президента України Дмитро Литвин відреагував на пропозицію майбутнього прем'єра Угорщини Петера Мадяра зустрітися з Володимиром Зеленським: каже, що український президент ще не склав графік зустрічей. Джерело: Литвин у коментарі журналістам в середу, повідомляє ""Європейська правда"" Деталі: Литвин зауважив, що ""президент ще не узгоджував графік на червень"". Також він додав, що ""двосторонні зустрічі узгоджуються у двосторонніх контактах"". Напередодні Петер Мадяр прийняв у себе мера українського міста Берегове на Закарпатті та обговорив з ним ситуацію угорської меншини. Мадяр повідомив, що ініціює зустріч з президентом України Володимиром Зеленським на початку червня у Берегові. ""Настав час для України завершити понад десятиліття законодавчих обмежень, а для угорців Закарпаття – відновити усі їхні культурні, мовні, адміністративні й освітні права та стати знову рівноправними й шанованими громадянами України"", – заявив Мадяр. Мер міста Берегове Золтан Баб'як на зустрічі з Мадяром заявив, що в Україні немає жодних утисків угорської національної спільноти. Як відомо, Мадяр одразу після перемоги опозиційної ""Тиси"" на виборах заявив, що для налагодження добросусідських відносин з Україною питання нацменшин потребуватиме врегулювання."
UP,https://epravda.com.ua/power/beb-ogolosilo-konkursi-na-sotni-vakansiy-820986,"Бюро економічної безпеки (БЕБ) відкрило конкурси на 261 вакантну посаду та запровадило програму шестимісячного стажування для молоді на посадах державної служби із перспективою кар'єри на посаді детектива. Про це повідомляє директор відомства Олександр Цивінський. За його словами, бюро шукає детективів, аналітиків, юристів, фахівців із кібербезпеки, внутрішнього контролю, HR та комунікаційників. Крім досвідчених фахівців, БЕБ орієнтується на залучення студентів та випускників. ""Запровадили можливість 6-місячного стажування на посадах державної служби із перспективою продовження кар'єри на посаді детектива. Це практичний досвід і реальний старт професійного шляху"", - зазначив Цивінський. Він додав, що інформацію про кар'єрні можливості вже презентували студентам провідних закладів вищої освіти Львова, зокрема Національного університету ""Львівська політехніка"", ЛНУ ім. Івана Франка, УКУ та Львівського державного університету внутрішніх справ. Наразі Бюро продовжує активне кадрове доукомплектування для посилення аналітичної та правоохоронної складових своєї діяльності. Читайте також: Повний на третину: для боротьби з економічними злочинами немає ні кадрів, ані ресурсів Кабінет міністрів України переглянув граничну чисельність центрального апарату Бюро економічної безпеки, а також його регіональних управлінь."
UP,https://www.pravda.com.ua/news/2026/04/29/8032334/,"Прессекретар правителя Росії Дмитро Пєсков заявив, що парад до 9 травня у Москві пройде у ""скороченому форматі"" через терористичну загрозу і ще тому, що дата не ювілейна. У Санкт-Петербурзі парад також пройде без техніки. Джерело: коментар Пєскова російським ЗМІ передає ""Медуза"", ""Фонтанка"" Деталі: Речник заявив, що причина ""скорочення"" параду – ""оперативна ситуація"". Пряма мова: ""Київський режим, (так росіяни називають українську владу, – ред.) який щодня втрачає землі на полі бою, зараз повністю розгорнув терористичну активність. І тому на тлі цієї терористичної загрози, звісно ж, вживаються всі заходи для мінімізації небезпеки"". Деталі: Він пояснює, що нібито минулоріч минулого року ""ювілейний парад"" був широкоформатний, а цього року дата не ювілейна, тому подія буде у ""скороченому форматі"". Окрім того, видання ""Фонтанка"" повідомило, що на Двірцевій площі в Санкт-Петербурзі парад теж пройде без техніки і без участі курсантів. А кількість глядачів параду скоротять приблизно у 18 разів. Замість спочатку запланованих 5,6 тисячі гостей буде лише одна трибуна на приблизно 300 місць. Рішення ухвалили після наради з питань безпеки. 28 квітня російське Міноборони заявило, що парад 9 травня в Москві пройде без військової техніки та участі курсантів військових училищ через ""поточну ситуацію""."
UP,https://www.pravda.com.ua/news/2026/04/29/8032330/,"Одна з розмов, задокументованих НАБУ у рамках справи ""Мідас"" у квартирі наразі підсанкційного бізнесмена Тимура Міндіча, якого підозрюють у корупції в сфері енергетики, була з жінкою на ім'я Наталя і стосувалась будівництва маєтків ексвіцепрем'єр-міністра Олексія Чернишова, якого підозрюють у зловживанні службовим становищем та одержанні хабаря, Міндіча та ще двох людей, яких називали ""Андрій"" і ""Вова"". Джерело: ""Українська правда"", яка публікує першу частину так званих ""плівок Міндіча"" Деталі: Розмова, задокументована у квартирі Міндіча за адресою Грушевського, 9а, вранці 1 липня 2025 року. Вона велася російською мовою. Близько 11 ранку Міндіч говорить жінкою, яку він називає ""Наталі"" і яка, ймовірно, керує будівництвом кооперативу ""Династія"" – 4 маєтків у Козині під Києвом, які, за даними джерел УП, зводять для президента Володимира Зеленського, ексглави ОП Андрія Єрмака, ексвіцепрем'єр-міністр Олексія Чернишова та самого Міндіча. Ця розмова може бути першим свідченням того, що дані джерел – правда, адже сторони згадують Чернишова, будівництво Міндіча та будівництво Андрія і Вови. Наталя питає Міндіча, що вони мають робити з забудовою, а той каже, що все треба консервувати і згадує ""Макса Донця"" (ймовірно, мова могла йти про керівника особистої охорони президента Максима Донця – ред.), ""Шуру"" і ""Сігізмунда"" (ймовірно, бізнесмена Олександра Цукермана та ексміністра енергетики Германа Галущенка – ред.), з якими пізніше матиме розмови. Міндіч: ""И сейчас надо это все по уму замораживать. Но по уму, чтоб потом и мой, и этот, и этот соседский. И там надо территорию как-то взять под контроль, потому что там ну этот *** что творит, ну как-то натворил"". Наталя: ""Э смотри, сейчас мы там так разгулялись у тебя, что сейчас заморозить, просто так уйти я не представляю, как. Это все пропадет. Если надо консервироваться, значит надо кончить какие-то работы"". Також Міндіч каже, що треба законсервувати і спільну територію – усе на рік. Наталя каже, що туди ""стільки душі вклала"", і це ""жах"", що тепер треба їхати звідти. Наталя: ""Это для меня ужас"". Міндіч: ""А для меня нет? *** тупой, если он вскроется, в деде нами будет ***"" (ймовірно, може мати на увазі Чернишова, щодо якого розслідують кримінальне проваджання, – ред.) Наталя: ""Там вообще, какие ваши фигурируют в деле?"" Міндіч: ""Не, там все так, прораб, ***"". Наталя: ""Все ушли, и этот ушел, и Стеренжик ушел, короче, ладно, надо…"" Міндіч: ""Надо взять твоего, чтобы он общую базу всю законсервировал. Ворота, вода, свет, вот это все нужно как-то законсервировать. Все поуходили, побросали. Все пропадет, нужно довести как-то это все до ума"". Наталя: ""Дело в том, что у них все коробки с антикварной крышей, с фасадом, не пропадет. Пропадет у тебя, у тебя. Потому что у тебя начаты работы и не закончены. Надо закончить до конца лета, пока тепло"". Далі Наталя розповідає, що наразі роблять басейн, і що вона ""не може залишити цю чашу"". Наталя: ""Я всем должна, это кошмар. Они привезли всю эту технологию, всю плитку. Мне сейчас 90 штук надо отдать. Люди приехали работают, ждут. Фасадщики зашли на утепление фасада, 70 штук сейчас надо дать… Славик плюс уже сделал перегородки тебе, привезли эту лестницу, уже сделали. Основное надо сделать – заштукатурить грязной штукатуркой дом основной. Внутри. Она потом высохнет, потом не сможем заменить. И утеплить фасад, все. И на этом можно будет консервировать"". Міндіч цікавиться, чи за рік це все не зіпсується, Наталя запевняє, що ""нічого не буде"". Міндіч також каже, що хоче посадити дерева. Міндіч: ""Значить нужно пол миллиона, правильно?"" Наталя: ""Ну, надо хотя бы 300. 250 – это Славик, и 90 – на бассейн"". Міндіч: ""250 и 90 – 340, 350, плюс еще на эти, на канал. Я тебе дам не только. А что сегодня долги есть?"". Наталя: ""Они здесь уже включены"" Міндіч: ""Давай я тебе 50 сейчас отдам, сегодня"". Наталя: ""А что мене 50? Что мене даст 50? Мне строителям надо отдать 180, что на стройку, и 70 – это утепление фасада"". Міндіч: ""Скажи, тебе надо 300 тысяч дать? Но у меня нет 300 с собой просто. Давай на понедельник тебе 300 тысяч. 350"". Наталя: ""Ну давай 50 отдам Славику завтра, чтоб он просто не стоял"". Міндіч: ""Ану покажи мне, как там внутри. А чей это дом? Это ж не мой"". Наталя: ""Это Андрея. Я ж тоже ему делаю"". (Ймовірно, мова може йти про будинок у кооперативі ""Династія"", який Міндіч з Чернишовим будували для ексглави ОП Андрія Єрмака, – ред.). Далі вони обговорюють два будинки – ""перший"" і ""четвертий"", – де все вже зробили, ""з інженерією всередині, вентиляторами, кондиціонерами, теплою підлогою"". Наталя: ""У Андрея только фасады, внутри просто. А у тебя даже этого нет"". Міндіч: ""Я не могу сейчас строить, потому что кипишь из-за єтого ***. Ну, а он знает, что он пид***с?"" Наталя: ""Я тебе тогда еще говорила, что он пид***ас, когда ты меня туда только послал. Я тебе сказала, что у нас не хватает, блин, я ж вижу, что он творит, даже тут, даже тут, что творит. Теперь тот бегает, плачет. Скажи, что делать с электричеством? Он же, зараза, поотключал. Если до 5-го числа не проплатим, он отключит (ймовірно, мова йде про Чернишова, який своїми проблемами з НАЬУ і САП підставив близьких, які будувати 4 маєтки, – ред.) Далі Міндіч каже про те, що треба все обгородити парканом, ""пса завести"", охорону постійно тримати, щоб ""ніхто не проліз, журналісти-шмурналісти"" (ймовірно, говорить про журналістів ""Бігус.Інфо"", які пізніше опублікували матеріал про кооператив ""Династія"", – ред.) Наталя каже, що на електрику на 4 ділянки ""в місяць треба 120 тисяч"". Міндіч: ""Это все в бюджет 400 тысяч до холодов? 400 тысяч до холодов тебе надо дать?"". Наталя: ""Нет, если с сетями, то это 1 миллион 300"". Міндіч: ""Миллион триста гривен или долларов?"" Далі вони обговорюють, якийсь камінь для фасаду, який постачав єдиний постачальник Сиранчук, і що Наталя з тих кошторисів ""скосила 100 тисяч"". Наталя: ""100 штук он хотел тут заработать на твоем камне. Представляешь, как он зарабатывал на тех домах? Так ты думаешь, что с Чернышова он так скосил? Я видела эти сметы – он так за 7 домов поднял эти деньги"". Міндіч: ""Я думаю, Чернышеву строил за счет нас"". Далі вони обговорюють кам'яні і бетонні роботи. Наталя: ""Он же бросил между тобой и Вовой, уже забетонировал забор. Осталось забор поставить. Тоже тянул, тянул, оставалось 10 м, тоже бросили все, ушли. А почему ушли? Потому что он 2 месяца не платил зарплату людям. Просто 2 месяца. Крышникам тоже 50 штук долг. Они собрались и ушли. Он же всем должен"". Далі обговорюють, які дерева засадити на першій лінії від Дніпра, які дерева будуть ""у Вови"" і які дерева будуть ""між Тимуром і Вовою"" та інше. Також Міндіч каже, що треба закінчити будівництво, але на когось переоформити, може, на неї – Наталю. У липні 2025 року ці маєтки знайшли журналісти ""Бігус.Інфо"". Далі НАБУ і САП відкрили кримінальну справу. А минулої осені ці маєтки, ще до їх консервації, арештували. Читайте також: Були ""слуги"" – стали ""династія"". Як віцепрем'єр Чернишов під час війни будував котеджне містечко"
UP,https://www.pravda.com.ua/news/2026/04/29/8032332/,"В ніч на 29 квітня фахівці Центру спецоперацій ""А"" Служби безпеки України відпрацювали по лінійній виробничо-диспетчерській станції ""Пермь"", яка розташована за понад 1500 км від кордону з Україною. Джерело: пресслужба СБУ, президент Володимир Зеленський у соцмережах Деталі: Внаслідок атаки дронів СБУ на нафтоперекачувальній станції виникла масштабна пожежа. За попередньою інформацією, горять майже всі резервуари для зберігання нафти, зазначили в пресслужбі. Вказано, що ЛВДС належить АТ ""Транснефть"" і є стратегічно важливим хабом магістральної нафтотранспортної системи РФ. Через станцію нафта розподіляється у чотирьох напрямках, зокрема й до Пермського НПЗ. Про ""далекобійні санкції"" очільник СБУ генерал-майор Євгеній Хмара доповів президенту Володимиру Зеленському. Пряма мова глави держави: ""Відстань по прямій – понад 1500 км. Будемо збільшувати відповідні дистанції, і це цілком справедливі українські відповіді на російський терор. Важливо, що кожне влучання зменшує можливості російської воєнної промисловості, логістики, нафтового експорту. Результати очевидні для всіх. Те, що Росії треба закінчувати свою війну, теж очевидно для всіх. Час переходити до дипломатії, і цей сигнал варто почути Москві"". Що передувало: 29 квітня російська влада заявила про атаку безпілотників на об'єкти в містах Орськ Оренбурзької області та Перм Пермського
краю, що більш ніж за 1500-1800 км від кордону з Україною. Пабліки пишуть про
пожежу на НПЗ ""Орськнафтооргсинтез"", також під атакою міг бути
""ЛУКОЙЛ-Пермнафтооргсинтез""."
UP,https://epravda.com.ua/svit/viyna-v-irani-povertaye-somaliyskih-pirativ-820981,"За даними військово-морських сил Європейського Союзу, які патрулюють регіон Аденської затоки, війна в Ірані сприяє відродженню морського піратства біля узбережжя Сомалі. Про це повідомляє Bloomberg. За даними Британської служби морської торгівлі, лише за останній тиждень було підтверджено щонайменше три випадки захоплення суден: пірати захопили два вантажні судна та один танкер. Напади сталися в Ейлі, Марейо та Гаракаді в напівавтономному регіоні Пунтленд у Сомалі, який наприкінці 2000-х років був притулком піратів. Зростання кількості випадків пов'язане з нестабільністю в регіоні — спочатку через атаки хуситів, а зараз через кризу в Ормузькій протоці, за даними операції ""Аталанта"" військово-морських сил Європейського Союзу, яка патрулює сомалійські води з 2008 року за відсутності місцевого флоту. ""Ця ситуація створює враження, що військова увага відвернута від цього району, тому піратські угруповання розуміють, що у них з'явилося вікно можливостей"", — зазначили в EU Navfor. Сомалі минулого року ухвалила законодавство щодо боротьби з піратством, але покладається на іноземні збройні сили для стримування загрози, оскільки не має можливостей для його виконання. Сомалійські пірати сіяли хаос уздовж східноафриканського узбережжя понад десятиліття, а кількість нападів досягла піку у 2011 році. За даними Wall Street Journal, американський президент Дональд Трамп доручив своїм помічникам підготуватися до тривалої блокади Ірану на тлі вимог до Тегерану піти на поступки в ядерному питанні."
UKRINFORM,https://www.ukrinform.ua/rubric-world/4117843-kvir-perehopiv-vladu-v-irani-u-hamenei-reuters.html,"Про це повідомляє Reuters із посиланням на джерела, передає Укрінформ. З моменту свого заснування в 1979 році Ісламська Республіка будувалася навколо верховного лідера, який мав незаперечну владу. Однак вбивство аятоли Алі Хаменеї в перший день війни США та Ізраїлю проти Ірану та призначення наступником його пораненого сина Моджтаби ознаменували встановлення нового порядку. Цей порядок, в якому домінують командири КВІР, характеризується відсутністю авторитетного лідера. Моджтаба Хаменеї залишається на вершині системи, але три співрозмовники Reuters, обізнані із внутрішніми обговореннями, повідомляють, що його роль полягає переважно в легітимізації рішень, які ухвалюють його генерали, а не у видачі власних наказів. За словами іранських чиновників та аналітиків, воєнний час сконцентрував владу в країні у вузькому та жорсткому колі, до якого входять Вища рада національної безпеки, канцелярія верховного лідера та КВІР. Останній взяв на себе домінуючу роль як у військовій стратегії, так і в ключових політичних рішеннях, йдеться у публікації. За словами джерел, в умовах війни та відсутності Алі Хаменеї жоден суб’єкт всередині системи не має ані повноважень, ані можливостей чинити опір КВІР, навіть якби й хотів. «Вибір, що стоїть перед іранським керівництвом, більше не полягає у виборі між поміркованою та жорсткою політикою, а між жорсткою та ще жорсткішою лінією… Ця зміна знаменує вирішальну перебудову влади від верховенства духовенства до домінування силових структур», - йдеться у публікації. Експерти підкреслюють, що головною складністю залишається розрив між пропозиціями Вашингтона і позицією жорсткої лінії всередині КВІР щодо мирної угоди. «Іранці надзвичайно повільно реагують. Очевидно, що немає єдиної структури командування, яка б ухвалювала рішення. Іноді їм потрібно від 2 до 3 днів, щоб відповісти», - зазначив пакистанський чиновник в контексті мирних переговорів між Іраном та США. Дипломатичним представником Ірану на переговорах зі США виступав глава МЗС Аббас Арагчі, до якого нещодавно приєднався спікер парламенту Мохаммед Багер Калібаф - екскомандувач КВІР, та ін. Однак, за даними джерел, ключову роль на місцях відіграє командир корпусу Ахмад Вахіді. Хаменеї-молодший після важких поранень внаслідок авіаудару США та Ізраїлю не з’являється на публіці і взаємодіє через представників КВІР або за допомогою захищеного зв’язку. Водночас іранська влада офіційно відкидає наявність розбіжностей щодо переговорів зі США. Як повідомляв Укрінформ, 28 лютого США та Ізраїль завдали спільних ударів по об’єктах режиму в Ірані. Після цього Іран атакував американські бази в Кувейті, ОАЕ, Катарі, Бахрейні та Йорданії. Згодом інформаційне агентство ісламської республіки (IRNA) підтвердило, що верховний лідер Ірану аятола Алі Хаменеї загинув уранці 28 лютого. Новим верховним лідером Іран оголосив його сина Моджтабу Хаменеї. За даними ЗМІ, під час авіаудару по резиденції в центрі Тегерана наприкінці лютого Хаменеї-молодший дістав серйозні поранення обличчя та травму однієї або обох ніг. Деякі джерела припускають, що лідер Ірану міг навіть втратити одну ногу."
UKRINFORM,https://www.ukrinform.ua/rubric-ato/4117833-dla-rekrutingu-inozemciv-na-masni-sturmi-rf-vibuduvala-globalnu-sistemu-torgivli-ludmi.html,"Про це йдеться у звіті Міжнародної федерації за права людини та української правозахисної організації Truth Hounds, презентованому в середу в Києві, передає кореспондент Укрінформу. Правозахисники, посилаючись на дані української влади, наголошують, що загалом Росія залучила щонайменше 27 тисяч іноземців на війну проти України з понад 130 країн (без урахування північнокорейських військ). Найбільшу частку складають громадяни держав Центральної Азії, однак чимало і вихідців з Південної Азії, країн Африки та Латинської Америки. Вони зазначають, що влада РФ вдається до інституціоналізованої системи рекрутингу, яка поєднує призов добровольців та «хижацькі» засоби стосовно соціально та економічно вразливих осіб. Протягом тижнів після підписання контракту про службу в армії РФ командири посилають їх на надзвичайно небезпечні бойові завдання з високою ймовірністю загибелі – «мʼясні штурми». Держава-агресор вдається до рейдів у місця проживання та роботи мігрантів, мечетей, а підписання контракту подавалося затриманим як альтернатива депортації чи кримінальному переслідуванню. Фіксуються і спроби примусу, як-от вилучення документів, фальсифікація обвинувачень, побиття і катування. Операції з переміщення іноземців до РФ проводили також транснаціональні мережі, які часто заманювали людей обманом, обіцяючи цивільну роботу, небойові посади чи доступ до країн ЄС. Усі новобранці зрештою потрапляли до центрів комплектування або військових комплектування РФ, де їм давали на підписання російськомовні контракти без перекладу. Автори документа вважають, що Росія відповідальна за роботу глобальної схеми торгівлі людьми «Звіт руйнує міфи про Росію як друга Глобального Півдня, який веде антиімперіалістичну війну. Документ чітко фіксує, що Росія вдається до всіх можливих засобів для рекрутингу на свою неоколоніальну війну в Україні – чи то йдеться про Кубу, Камерун, Кенію чи Казахстан», – сказав президент Міжнародної федерації Алексіс Десваф. Зазначається, що документ спирається на свідчення військовополонених, інтервʼю з експертами та дослідження з відкритих джерел. Автори зазначають, посилаючись на оцінки України, що щонайменше 3 388 іноземних бійців загинуло в боях. Міжнародна федерація за права людини і Truth Hounds закликають усі країни, де Росія рекрутує громадян на війну, притягнути винних за торгівлю людьми до відповідальності та найманство, а також інформувати своїх громадян про небезпеку. Як повідомляв Укрінформ, на майданчику Анталійського дипломатичного форуму, у ході двосторонніх зустрічей з представниками країн Африки, глава МЗС України Андрій Сибіга порушив питання щодо припинення найманства Росією в країнах Африки."
UKRINFORM,https://www.ukrinform.ua/rubric-regions/4117841-karpatskij-nacpark-pokazav-burogo-vedmeda-akij-pisla-zimovoi-splacki-potrapiv-u-fotopastku.html,"Відео з фотопастки розміщено на сторінці Карпатського національного природного парку в Фейсбуці, передає Укрінформ. «Фотопастки в Карпатському національному природному парку знову тішать унікальними відео. На цей раз головним героєм став бурий ведмідь – справжній символ дикої природи та негласний володар Карпат, який потрапив у кадр під час своєї прогулянки. Спостерігати за ними – велика удача і велика відповідальність», - запевняють у повідомленні Карпатського НПП. Після зимової сплячки, ведмеді особливо активні. Вони відновлюють сили, шукаючи першу зелень та іншу поживу. «Попри вагу, що може сягати сотень кілограмів, ведмідь ступає лісовою підстилкою майже безшумно. У кадрі ведмідь виглядає спокійним та зосередженим, що є гарною ознакою здорової екосистеми нашого Парку», - додають у Карпатському НПП. Зазначається, що клишоногий відіграє роль «садівника » лісу. Поїдаючи плоди та ягоди, він переносить насіння рослин на великі відстані, сприяючи оновленню лісових масивів. Як повідомляв Укрінформ, у нацпарку «Синевир» почали квітнути первоцвіти та прокинулися ведмеді."
UKRINFORM,https://www.ukrinform.ua/rubric-economy/4117840-rada-prijnala-za-osnovu-zakonoproekt-pro-normi-es-dla-zelenoi-energetiki.html,"Як передає Укрінформ, про це повідомив депутат із парламентської фракції «Голос» Ярослав Железняк у Телеграмі. За його словами, законопроєкт із реєстраційним номером 14271 підтримали 236 депутатів. Документ, серед іншого, передбачає запровадження поняття спільноти у сфері відновлювальних джерел енергії. Це юридична особа, підконтрольна учасниками, що проживають у межах відповідної територіальної громади, де будуються чи експлуатуються об'єкти ""зеленої"" енергетики. Учасниками спільноти зможуть стати фізособи, енергетичні кооперативи, органи місцевого самоврядування, мікро-, малі та середні підприємства. Метою діяльності спільноти буде задоволення екологічних, економічних та соціальних інтересів своїх учасників. Спільноти у сфері відновлюваних джерел енергії матимуть право на держпідтримку за механізмом ринкової премії за результатами аукціону. Спільноти також зможуть бути учасниками ринку електроенергії. Для приватних домогосподарств ""зелений тариф"" встановлюватиметься і діятиме за умови мінімального споживання електрики на рівні 10 кВт-год за місяць. Якщо споживання менше, різницю має викупити постачальник універсальних послуг а ціною, що склалася на ринку “на добу наперед” у розрахунковому періоді (годині). Передбачається визначення на території України ділянок, придатних для розвитку відновлюваної енергетики, та їхнє картографування. Кабінет міністрів повинен буде визначити зони прискореного розвитку ВДЕ. При цьому такі зони мають виключати природоохоронні території та об’єкти. Як повідомлялося, Президент України Володимир Зеленський 20 квітня підписав закон щодо імплементації норм права Європейського Союзу та інтеграції енергетичних ринків. Документ створює умови для об’єднання ринків (market coupling) «на добу наперед» та внутрішньодобового ринку з європейськими зонами торгівлі. Це сприятиме узгодженій торгівлі електрикою. Передбачено також імплементацію європейської моделі готовності до ризиків в електроенергетиці та запровадження механізмів забезпечення потужності; врегулювання взаємодії між оператором системи передачі та оператором ринку для забезпечення транскордонного обміну електроенергією. Фото Укрінформу можна купити тут"
UKRINFORM,https://www.ukrinform.ua/rubric-polytics/4117825-nimeccina-rozgladae-priednanna-do-ukrainskoi-programi-brave1-pistorius.html,"Про це заявив міністр оборони ФРН Борис Пісторіус за підсумками круглого столу у Берліні з питань зміцнення німецько-українського співробітництва у сфері безпеки та оборонної промисловості, передає Укрінформ. ""Ми відійшли від суто ситуативної підтримки України і дедалі більше будуємо структуроване та довгострокове партнерство з Україною"", - зазначив Пісторіус. Він наголосив, що така співпраця є взаємовигідною для обох сторін, і що Німеччина бачить значний потенціал у спільному розвитку оборонної промисловості, зокрема з огляду на високий рівень інноваційності України. За словами міністра, українські технології створюються і вдосконалюються безпосередньо в умовах бойового застосування, що забезпечує ""вражаючу інноваційну спроможність і швидкість"". Пісторіус також зазначив, що Німеччина отримує важливий досвід у сфері інноваційного мислення, закупівель та роботи з швидкими технологічними циклами. ""Ми продовжуємо стратегічно підтримувати створення спільних підприємств у сфері оборонної промисловості"", - підкреслив він. Пісторіус розповів, що у межах співпраці планується визначення перспективних технологічних напрямів та флагманських проєктів для спільних досліджень, розробок і виробництва озброєнь. ""Також федеральний уряд має намір прихильно розглянути питання приєднання до української програми Brave1 України"", - йдеться у повідомленні. За словами Пісторіуса, поглиблене співробітництво в промисловій сфері відіграватиме центральну роль і під час його наступних візитів до України». Як повідомляв Укрінформ, у квітні 2023 року в Україні почала роботу єдина координаційна платформа в галузі defense tech – BRAVE1. Вона створена як ""єдине вікно"" співпраці defense tech компаній, держави та військових, а також інвесторів, волонтерських фондів, медіа, інших учасників."
UKRINFORM,https://www.ukrinform.ua/rubric-regions/4117839-u-lvovi-vsanuvali-pamat-irini-farion.html,"Про це повідомив кореспондент Укрінформу. Розпочались пам’ятні заходи з поминальної служби у Гарнізонному храмі святих апостолів Петра і Павла. Опісля на Личаківському кладовищі відбулася спільна молитва та покладання квітів на могилі мовознавці. Віддати шану Ірині Фаріон прийшли її рідні та близькі, друзі, представники міської влади, громадські діячі та жителі міста. У Львові вшанували пам'ять Ірини Фаріон / Фото: Ігор Федик, Укрінформ

1 / 9 «Я сьогодні говорю собі і кожному з вас, що нехай те слово, яке вона говорила і торкалося нас усіх, нехай ті праці, які вона залишила, торкаються нас і надалі. Нам з вами залишається, здавалося б, ніби проста, але одна з найважчих речей, які ми маємо робити – слідувати тим заповітам, справам і ділам і бути гідними того всього, що зробила Ірина Дмитрівна. Тому великий уклін їй сьогодні в день її народження і великий уклін сім'ї, яка платить таку велику ціну за те, що ми тут і що ми говоримо нашою рідною мовою», - сказав директор департаменту освіти та культури Львівської міської ради Андрій Закалюк. Зі свого боку, керівник Львівської міської організації ВО «Свобода» Любомир Мельничук зазначив, що попри те, що Ірина Фаріон загинула, її головна місія продовжується. «Те, чим вона жила, те, чим горіла, про що вона постійно думала – це боротьба за українську мову. І те, що я собі найбільше запам'ятав серед її багатьох настанов, це те, що українці мають відчувати себе господарями на своїй землі. І ми бачимо, як сотні і сотні, тисячі, мільйони українців намагаються продовжувати її чин – боротьбу за українську мову, за Україну», - сказав Мельничук. Згадуючи свою маму, її донька Софія Особа розповіла, що Ірина Фаріон ціною свого життя довела наскільки важливою є мова для українців. «Перш за все, ти для мене – мама. Але коли я підросла, я зрозуміла, що моя мама – це велична українка. Ірина Фаріон, яка ціною свого життя, своїх праць довела найцінніше. Що мова – це є дім, і мова – це є зброя. Моя мама – це найцінніше, що в мене є. Зараз вона на небі оберігає нас, дає силу творити і боротися за справедливе покарання для вбивці», - сказала вона. Продовжились пам'ятні заходи відкриттям в НУ «Львівська політехніка» Міжнародної виставки плакатів «Мальована мова» та висаджуванням пам’ятного дерева на місці вбивства Ірини Фаріон на вул. Масарика 3. Як повідомляв Укрінформ, 19 липня 2024 року у Львові чоловік вистрілив в Ірину Фаріон і втік. Невдовзі вона померла у лікарні. 25 липня підозрюваного в убивстві затримали у Дніпрі. Галицький райсуд Львова 26 липня обрав 18-річному жителю Дніпра Зінченку запобіжний захід у вигляді тримання під вартою без права внесення застави. Надалі суди продовжували цей запобіжний захід. Ірина Фаріон (1964-2024) - українська мовознавиця, освітянка, політична та громадська діячка, докторка філологічних наук, професорка, народна депутатка України VII скликання (2012-2014)."
UKRINFORM,https://www.ukrinform.ua/rubric-ato/4117827-u-kievi-ta-nizci-oblastej-povitrana-trivoga-cerez-zagrozu-balistiki.html,"Як передає Укрінформ, Повітряні сили Збройних сил України повідомили у Телеграмі: ""Загроза застосування балістичного озброєння"". 13:34 - ""Відбій повітряної тривоги! Просимо уважно слідкувати за повідомленнями і, у разі оголошення тривоги, повернутися до укриття"", - уточнили в КМДА. Як повідомляв Укрінформ, сили протиповітряної оборони знешкодили 154 зі 171 безпілотника, яким російські загарбники атакували Україну з вечора 28 квітня."
UKRINFORM,https://www.ukrinform.ua/rubric-world/4117782-naukovci-viavili-so-ludskij-son-ne-e-vipadkovistu.html,"Як передає Укрінформ, про це повідомляє Euronews. У ході дослідження були проаналізовані понад 3 700 звітів про сни та досвід пробудження від 287 учасників від 18 до 70 років. Упродовж двох тижнів волонтери записували свій досвід, поки дослідники збирали детальну інформацію про якість сну, когнітивні моделі, риси особистості та психологічні характеристики. Потім науковці використовували вдосконалену обробку природної мови, щоб проаналізувати, як учасники описували своє повсякденне життя та сни. Результати показали, що сни далеко не випадковість і існують чіткі закономірності. Людські сни відображають поєднання внутрішніх рис та зовнішніх впливів. Люди, які впродовж дня мали не пов'язані між собою думки, часто повідомляли про сни, які здавалися розсіяними та швидко змінювалися. Натомість ті, хто вважав сни значущими, зазвичай сприймали їх як більш живі та захопливі. Зовнішні події також відіграли свою роль. Дослідження показало, що під час пандемії COVID-19 сни ставали інтенсивнішими та часто зосереджувалися на обмеженнях. Такі сни зникали, коли життя поверталося до норми, що свідчить про те, що сни змінюються разом із нашим психологічним станом. «Наші результати показують, що сни - це не просто відображення минулого досвіду, а динамічний процес, сформований тим, ким ми є та що ми переживаємо», - сказала провідна авторка дослідження Валентина Елце. Як повідомляв Укрінформ, помірне споживання кави, а саме 2-3 чашки, пов'язане з меншим ризиком психічних розладів у людини."
UKRINFORM,https://www.ukrinform.ua/rubric-economy/4117836-rada-uhvalila-zmini-do-civilnogo-kodeksu-sodo-reguluvanna-faktoringu.html,"Відповідний законопроєкт №12307 був підтриманий 248 голосами депутатів, повідомляє Укрінформ. Законопроєкт розроблено та ухвалено з метою удосконалення регулювання факторингу. Як зазначено у висновку головного науково- експертного управління ВР, документ пропонує зміст глави 73 «Факторинг» Цивільного кодексу, до складу якої входять 10 статей (про поняття договору факторингу, предмет договору факторингу, сторони договору факторингу тощо) замінити однією статтею. У цій статті визначається, що за договором факторингу одна сторона (клієнт) відступає або зобов’язується відступити іншій стороні (фактору) право грошової вимоги до третьої особи (боржника) за винагороду, а фактор набуває або зобов’язується набути таке право та сплачує або зобов’язується сплатити клієнту певну грошову суму (ціну права грошової вимоги). При цьому «відносини у сфері факторингу регулюються Законом України «Про факторинг». Таким чином, аби уникнути можливого конфлікту норм через одночасне регулювання правовідносин факторингу двома різними законами, із Цивільного кодексу України це регулювання виключено. Новий закон набирає чинності з дня, наступного за днем його опублікування, та вводиться в дію одночасно із Законом України ""Про факторинг"". Очікується, що реалізація положень документа дасть можливість врегулювати надання факторингових послуг у спеціалізованому законі відповідно до кращих міжнародних практик, а також привести законодавство України у сфері факторингу у відповідність до модельного закону, розробленого Міжнародним інститутом з уніфікації приватного права (UNIDROIT). Як повідомлялось, закон про факторинг ухвалений Верховною Радою 3 червня 2025 року і підписаний Президентом Володимиром Зеленським 27 липня 2025 року. Фото Укрінформу можна купити тут"
UKRINFORM,https://www.ukrinform.ua/rubric-world/4117834-tramp-za-dopomogou-sizobrazenna-zaklikav-iran-svidse-uklasti-ugodu.html,"Про це повідомляє CNBS, передає Укрінформ. «Іран не може взяти себе в руки. Вони не знають, як підписати угоду про нерозповсюдження ядерної зброї. Їм краще б швидше схаменутися!» — написав Трамп у соціальній мережі Truth Social. Свій допис він супроводив згенерованим штучним інтелектом зображенням Трампа, який тримає рушницю на тлі вибухів, та словами «більше ніякого містера доброго хлопця!» Цей допис з’явився на тлі того, що стратегічно важлива Ормузька протока залишається заблокованою, а стан переговорів з Іраном - невизначеним, оскільки спроби їх продовжити зайшли в глухий кут. Минули вихідними американські переговорники мали вирушити до Ісламабада (Пакистан) для продовження переговорів, але Трамп скасував поїздку. Попередні переговори під керівництвом віцепрезидента Джей Ді Венса також завершилися без укладення угоди. Як повідомляв Укрінформ, за даними Axios, Тегеран запропонував знову відкрити Ормузьку протоку, якщо США скасують блокаду іранських портів і закінчать бойові дії. Цю інформацію підтвердила в понеділок прессекретарка Білого дому Керолайн Левітт. Дана пропозиція також відкладе переговори щодо ядерних амбіцій Тегерана на пізніший термін. Однак, як повідомило Reuters у вівторок, Трамп не був задоволений пропозицією Тегерана, і очікувалося, що Білий дім виступить із зустрічною пропозицією. Перше фото: The White House"
PIK,https://pik.net.ua/2026/04/29/drony-atakuvaly-npz-u-glybyni-rosiyi-vybuhy-v-orsku-ta-poblyzu-permi/,"У росії заявили про масовану атаку безпілотників по промислових об’єктах одразу в кількох регіонах. Під ударом опинилися міста Орськ та Перм — це понад 1500 км від українського кордону. За повідомленнями місцевої влади, в Орську оголошували загрозу атаки БпЛА та закликали мешканців залишатися вдома і триматися подалі від вікон. Російські Telegram-канали пишуть, що безпілотники могли влучити в один із найбільших нафтопереробних заводів країни — Орськнафтооргсинтез. На підприємстві нібито виникла пожежа. Цей НПЗ входить до структури приватного енергетичного бізнесу та переробляє мільйони тонн нафти щороку, забезпечуючи паливом регіони Уралу і Поволжя. Водночас про атаку повідомили і в Пермському краї. За словами губернатора, один із безпілотників влучив у промисловий об’єкт поблизу обласного центру. Працівників евакуювали, на місці виникла пожежа. За неофіційними даними, під удар міг потрапити завод ЛУКОЙЛ-Пермнафтооргсинтез — один із найбільших і технологічно розвинених НПЗ росії. Місцеві жителі повідомляють про значну кількість пожежної техніки та карет швидкої допомоги в районі села Башкултаєво, неподалік Пермі. У Міноборони росії тим часом заявили, що за ніч сили ППО нібито збили або перехопили 98 безпілотників над різними регіонами країни та окупованим Кримом. Офіційного підтвердження масштабів ураження об’єктів наразі немає. Download Best WordPress Themes Free DownloadFree Download WordPress ThemesDownload WordPress Themes FreeDownload Best WordPress Themes Free Downloadudemy free downloaddownload xiomi firmwareDownload Best WordPress Themes Free Downloadfree online course
Оперативні новини у TELEGRAM"
PIK,https://pik.net.ua/2026/04/29/yes-gotuye-pershyj-oboronnyj-transh-dlya-ukrayiny-e6-mlrd-spryamuyut-na-drony/,"Президентка Європейська комісія Урсула фон дер Ляєн оголосила про виділення Україні першого оборонного пакета фінансування в межах масштабної кредитної програми Євросоюзу. Виступаючи 29 квітня на засіданні Європейський парламент, вона повідомила, що вже у другому кварталі 2026 року Україна отримає близько 6 мільярдів євро, які спрямують на розвиток та виробництво безпілотників, пише ПІК. Йдеться про частину великого кредитного пакета ЄС обсягом 90 мільярдів євро, про який домовилися раніше. За словами фон дер Ляєн, ці кошти почнуть надходити вже найближчим часом. Зокрема, вона зазначила, що загалом у 2026 році планується виплатити значний фінансовий транш, а частина цих грошей піде саме на оборонні потреби України. Перший оборонний пакет, як підкреслила президентка Єврокомісії, буде орієнтований саме на дрони — «вироблені в Україні і для України». У Брюсселі також наголошують: підтримка Києва лише посилюватиметься на тлі триваючої російської агресії. «Поки росія нарощує свої атаки, Європа посилює допомогу Україні», — заявила фон дер Ляєн."
PIK,https://pik.net.ua/2026/04/29/zalyshyv-v-aptetsi-sumku-z-trotylom-politsejski-sklaly-na-zhartivnyka-administratyvni-protokoly/,"35-річний киянин перебував у стані алкогольного сп’яніння та прийшов до аптеки, щоб придбати лікарські засоби, які відпускаються за рецептом. Отримавши відмову від фармацевтів, він залишив у приміщенні сумку та повідомив про нібито наявність у ній тротилу. Трапилося це 28 квітня у Києві в аптеці на вулиці Левка Лук’яненка Про це повідомляє поліція Києва, пише ПІК. Правоохоронці огородили територію та забезпечували безпеку громадян. Тим часом фахівці вибухотехнічної служби оглянули сумку та не виявили в ній жодних вибухонебезпечних предметів. Патрульні поліцейські розшукали чоловіка неподалік від місця події. Поліцейські склали відносно чоловіка адміністративний протокол за ст. 173 КУпАП – дрібне хуліганство, та ст. 178 КУпАП — перебування у громадському місці у п’яному вигляді."
PIK,https://pik.net.ua/2026/04/29/vid-ivano-frankivska-do-kiltsya-pered-tysmenytseyu-remontuyut-dorogu-foto/,"Сьогодні, 29 квітня, підрядна організація розпочала ремонт ще однієї ділянки доріг державного значення. Це Н-18 Івано-Франківськ – Тернопіль, км 0+000 – км 4+657. Роботи на ділянці від Івано-Франківська до кільця перед Тисменицею здійснюватимуть суцільними локальними картами. Про це повідомляє Служба відновлення, пише ПІК. Якраз розпочато перший етап – фрезерування старого покриття. Як бачимо, дорожній одяг тут зношений, вичерпав термін експлуатації. Тож такиий вид ремонту тут доцільний. До повномасштабного вторгнення на кількох ділянках цієї дороги здійнено капітальний ремонт кількох ділянок цієї дороги, зокрема об’їзну Тисмениці. Рух транспорту в місці проведення робіт здійснюється в реверсному режимі. Закликаємо водіїв зважати на тимчасові незручності та дбати про власну безпеку."
PIK,https://pik.net.ua/2026/04/29/fasadna-arhitektura-majbutnogo-chomu-premialni-materialy-vytisnyayut-mas-market/,"Коли ми дивимося на сучасні бізнес-центри Києва чи футуристичні котеджі в передмісті, ми бачимо не просто стіни. Ми бачимо характер. Сьогодні архітектура перестала бути лише питанням надійності — вона стала мовою статусів та інженерної досконалості. Але є проблема: ринок перенасичений дешевими аналогами, які через два сезони втрачають колір, деформуються або, що ще гірше, не відповідають нормам пожежної безпеки. У світі, де кожен хоче побудувати «на віки», вибір облицювання перетворюється на стратегічне рішення, де помилка коштує надто дорого. Системний підхід у цьому питанні демонструє компанія Genfasad. Це не просто постачальник, а інженерний центр, що працює з об’єктами рівня McDonald’s та великими клініками, де компроміси з якістю неможливі. Навісні системи (НВФ) обирають через енергоефективність: будівля «дихає», зберігаючи тепло взимку та прохолоду влітку. Але результат залежить від матеріалу: Таке розмаїття дозволяє комбінувати текстури, створюючи унікальний візуальний код об’єкта. При цьому важливо пам’ятати про клас горючості Г1 або НГ — це база, на якій не можна економити, особливо в громадських просторах. Компакт-плита HPL — це не пластик, а надміцний моноліт із крафт-паперу та смол. Через нульову пористість він став стандартом для лабораторій та операційних, де важлива стерильність. У секторі HoReCa та на АЗС HPL цінують за витривалість, а в меблевій індустрії компакт-плита 12 мм дозволяє створювати тонкі водостійкі стільниці. Завдяки складській програмі Genfasad ці рішення доступні в Україні без довгих очікувань. Навіть преміальний матеріал легко зіпсувати кустарною порізкою. Справжня культура виробництва Genfasad — це автоматичне зняття та шліфування фаски навіть на складній перфорації. Це не просто естетика, а захист торців від мікротріщин і руйнування з часом. Компанія забезпечує повний цикл: від точних замірів та розробки робочих проектів до монтажу «під ключ». Такий підхід знімає відповідальність із замовника, адже фахівці супроводжують об’єкт від креслення до останньої заклепки, зводячи ризик помилок до нуля. Сьогодні фасад — це про безпеку, відповідність ДБН та бездоганний стиль на десятиліття. Якщо ви прагнете створити об’єкт, що витримає випробування часом, обирайте професійну експертизу. Час будувати якісно вже настав."
PIK,https://pik.net.ua/2026/04/29/pobyttya-pislya-obgonu-u-kalushi-vodiya-audi-zasudyly-do-roku-v-yaznytsi/,"У Калуші суд виніс вирок у справі про конфлікт між водіями, який завершився побиттям просто посеред дороги. Інцидент стався 23 квітня 2025 року на вулиці Степана Бандери. За матеріалами справи, під час руху між водіями Audi A6 та Toyota Corolla виникла суперечка через обгін. Після цього кермувальник Audi обігнав інше авто, різко зупинився перед ним і вийшов з машини. Далі конфлікт переріс у бійку. Обвинувачений разом із пасажиром витягнув водія Toyota з автомобіля та почав наносити удари руками і ногами по голові та тілу. У результаті потерпілий отримав струс головного мозку, численні синці, а також пошкодження зубів. Згідно з висновком експерта, травми класифікували як легкі тілесні ушкодження, що спричинили короткочасний розлад здоров’я. У суді обвинувачений частково визнав провину, однак заперечував хуліганський мотив, стверджуючи, що це був раптовий конфлікт між водіями. Його захист просив перекваліфікувати дії на статтю про легкі тілесні ушкодження. Втім, суд дійшов висновку, що напад був демонстративним, відбувався у громадському місці та супроводжувався особливою зухвалістю. Крім того, дії вчинялися спільно з іншою особою, що стало підставою для кваліфікації як хуліганства, вчиненого групою осіб. Суд визнав чоловіка винним за ч. 2 ст. 296 Кримінального кодексу України та призначив покарання — один рік позбавлення волі. Водночас до набрання вироком законної сили засуджений перебуватиме під домашнім арештом у нічний час. Суд врахував, що чоловік раніше не судимий, має сім’ю та дитину, а також відшкодував потерпілому завдані збитки. Водночас відсутність повного каяття вплинула на остаточне рішення щодо міри покарання. Download Premium WordPress Themes FreeDownload WordPress Themes FreeDownload Nulled WordPress ThemesDownload WordPress Themes Freefree download udemy paid coursedownload xiomi firmwareDownload WordPress Themeslynda course free download
Оперативні новини у TELEGRAM"
PIK,https://pik.net.ua/2026/04/29/prykarpattsya-myhajla-savchyna-nagorodyly-za-oboronu-ukrayiny-foto/,"Захисника України, уродженця села Нижнів Івано-Франківської області Михайла Савчина нагородили державною відзнакою «За оборону України». Про це повідомляє Івано-Франківська ОВА, пише ПІК. Високу нагороду військовослужбовець отримав за мужність, самовіддану службу та вагомий внесок у захист незалежності й територіальної цілісності держави. Відзнака «За оборону України» є символом вдячності українським воїнам, які щоденно стоять на захисті країни, демонструючи стійкість, силу духу та відданість українському народові."
PIK,https://pik.net.ua/2026/04/29/u-ternopoli-povidomyly-pro-pidozru-15-richnij-divchyni-yaka-porizala-odnoklasnytsyu/,"У Тернополі слідчі поліції повідомили про підозру 15-річній дівчині, яка під час суперечки завдала своїй однокласниці множинні колото-різані рани в ділянку голови та тіла. Про це повідомили у поліції Тернопільщини, пише ПІК. Повідомлення про бійку між неповнолітніми надійшло на спецлінію поліції 27 квітня о 15:12. Потерпілу госпіталізували до реанімаційного відділення. Її стан медики оцінюють як стабільно важкий. Слідчі поліції затримали підлітку, їй повідомили про підозру за статтею 115 Кримінального кодексу України з приміткою “замах на вбивство”. Триває досудове розслідування."
PIK,https://pik.net.ua/2026/04/29/oskvernyv-skulpturu-materi-bozhoyi-na-lvivshhyni-vstanovyly-zlovmysnyka-foto/,"Як писала ПІК, під час патрулювання площі Вічевої у місті Жовква працівники поліції виявили, що невідома особа забруднила скульптуру Матері Божої томатним соусом. Згодом поліцейські встановили зловмисника. Про це повідомляє поліція Львівської області, пише ПІК. Ним виявився місцевий мешканець, 1993 року народження. Свої дії чоловік пояснив хуліганськими мотивами. За фактом події відкрили кримінальне провадження за ч. 1 ст. 296 (Хуліганство) Кримінального кодексу України. Санкція статті передбачає покарання у вигляді штрафу від однієї тисячі до двох тисяч неоподатковуваних мінімумів доходів громадян, або арешту на строк до шести місяців, або обмеження волі на строк до п’яти років."
PIK,https://pik.net.ua/2026/04/29/kaminy-dlya-domu-suchasni-rishennya-dlya-tepla-ta-atmosfery/,"Каміни — це більше, ніж просто джерело обігріву. Сьогодні камін в будинок або навіть камін в квартиру — це елемент стилю, затишку та індивідуальності простору. Живе полум’я створює особливу атмосферу, яку складно замінити будь-якими іншими технологіями. Саме тому попит на каміни стабільно зростає, а виробники пропонують все більш сучасні та ефективні рішення. Якщо раніше каміни асоціювалися виключно з приватними будинками, то сьогодні ситуація змінилася. Завдяки новим технологіям купити камін можна навіть для квартири, обравши відповідну модель без складного монтажу. Перш ніж камін для дому купити, важливо зрозуміти, які варіанти існують і чим вони відрізняються. Від цього залежить не тільки комфорт використання, але й ефективність обігріву. Серед основних типів можна виділити: Якщо планується встановлення каміна в будинок, варто звернути увагу на дров’яні або комбіновані моделі. Вони забезпечують стабільне тепло і можуть використовуватися як основне джерело обігріву. Для міських квартир краще підходять електричні або біокаміни, які не потребують складних комунікацій. Важливо також враховувати площу приміщення. Надто потужний камін може створювати дискомфорт, тоді як слабкий не впорається зі своїм завданням. Вибір каміна — це відповідальний процес, який потребує уваги до деталей. Щоб купити камін, який буде служити довго і ефективно, варто врахувати кілька ключових параметрів. Перш за все, зверніть увагу на потужність. Вона повинна відповідати розміру приміщення. Це основа ефективної роботи. Також важливо враховувати: Сучасні каміни часто оснащені додатковими функціями, такими як система вторинного допалювання або технологія «чисте скло». Це робить експлуатацію більш зручною і зменшує витрати на обслуговування. Не менш важливою є безпека. Камін в квартиру або будинок повинен бути правильно встановлений і відповідати всім стандартам. Саме тому краще довіряти монтаж спеціалістам. Покупка каміна — це довгострокове вкладення, тому варто обирати перевірених постачальників. Магазин камінів IGNIS пропонує широкий асортимент моделей для різних типів житла. На сайті https://kamin-ignis.com.ua/ua/ можна знайти актуальні рішення, які відповідають сучасним вимогам до якості та енергоефективності. Тут представлені моделі від відомих європейських виробників, які зарекомендували себе на ринку. Серед популярних брендів можна відзначити HITZE, DEFRO, Kratki, Invicta та La Nordica. Вони пропонують надійні та довговічні каміни з сучасним дизайном. Під час вибору важливо звертати увагу не лише на ціну, а й на додаткові послуги. Консультація, доставка та професійний монтаж допоможуть уникнути помилок і забезпечать правильну роботу обладнання. Крім того, камін підвищує загальну цінність житла. Він робить інтер’єр більш привабливим і комфортним для життя. У результаті каміни стають не просто елементом декору, а важливою частиною дому. Вони дарують тепло, затишок і створюють особливу атмосферу, до якої хочеться повертатися. Якщо ви плануєте оновлення інтер’єру або облаштування нового житла, варто розглянути це рішення."
